ts;metric;plant_id;value
2017-09-26T21:43:53.698655;setpoint;jR;100
2017-09-26T21:43:53.699490;power_output;jR;93
2017-09-26T21:43:54.696664;setpoint;jR;100
2017-09-26T21:43:54.697419;power_output;jR;105
2017-09-26T21:43:55.696584;setpoint;jR;100
2017-09-26T21:43:55.697444;power_output;jR;96
2017-09-26T21:43:56.700291;setpoint;jR;100
2017-09-26T21:43:56.701270;power_output;jR;99
2017-09-26T21:43:57.700759;setpoint;jR;100
2017-09-26T21:43:57.701510;power_output;jR;100
2017-09-26T21:43:58.698643;setpoint;jR;100
2017-09-26T21:43:58.699566;power_output;jR;106
2017-09-26T21:43:59.698605;setpoint;jR;100
2017-09-26T21:43:59.699465;power_output;jR;100
2017-09-26T21:44:00.696508;setpoint;jR;100
2017-09-26T21:44:00.697231;power_output;jR;109
2017-09-26T21:44:01.700287;setpoint;jR;100
2017-09-26T21:44:01.701110;power_output;jR;98
2017-09-26T21:44:02.697310;setpoint;jR;100
2017-09-26T21:44:02.698287;power_output;jR;92
2017-09-26T21:44:03.698537;setpoint;jR;100
2017-09-26T21:44:03.699514;power_output;jR;103
2017-09-26T21:44:04.699625;setpoint;jR;100
2017-09-26T21:44:04.700525;power_output;jR;110
2017-09-26T21:44:05.698995;setpoint;jR;100
2017-09-26T21:44:05.699893;power_output;jR;95
2017-09-26T21:44:06.697976;setpoint;jR;100
2017-09-26T21:44:06.698879;power_output;jR;108
2017-09-26T21:44:07.697393;setpoint;jR;100
2017-09-26T21:44:07.698612;power_output;jR;108
2017-09-26T21:44:08.699867;setpoint;jR;100
2017-09-26T21:44:08.700832;power_output;jR;101
2017-09-26T21:44:09.697889;setpoint;jR;100
2017-09-26T21:44:09.698578;power_output;jR;90
2017-09-26T21:44:10.698425;setpoint;jR;100
2017-09-26T21:44:10.699319;power_output;jR;106
2017-09-26T21:44:11.696990;setpoint;jR;100
2017-09-26T21:44:11.697761;power_output;jR;97
2017-09-26T21:44:12.698636;setpoint;jR;100
2017-09-26T21:44:12.699854;power_output;jR;100
2017-09-26T21:44:13.697144;setpoint;jR;100
2017-09-26T21:44:13.697906;power_output;jR;92
2017-09-26T21:44:14.701235;setpoint;jR;100
2017-09-26T21:44:14.702002;power_output;jR;95
2017-09-26T21:44:15.698265;setpoint;jR;100
2017-09-26T21:44:15.699078;power_output;jR;97
2017-09-26T21:44:16.699637;setpoint;jR;100
2017-09-26T21:44:16.700552;power_output;jR;94
2017-09-26T21:44:17.697652;setpoint;jR;100
2017-09-26T21:44:17.698800;power_output;jR;109
2017-09-26T21:44:18.697770;setpoint;jR;100
2017-09-26T21:44:18.698747;power_output;jR;107
2017-09-26T21:44:19.698529;setpoint;jR;100
2017-09-26T21:44:19.726220;power_output;jR;104
2017-09-26T21:44:20.699905;setpoint;jR;100
2017-09-26T21:44:20.700732;power_output;jR;106
2017-09-26T21:44:21.700485;setpoint;jR;100
2017-09-26T21:44:21.701275;power_output;jR;90
2017-09-26T21:44:22.696584;setpoint;jR;100
2017-09-26T21:44:22.697459;power_output;jR;92
2017-09-26T21:44:23.697919;setpoint;jR;100
2017-09-26T21:44:23.699206;power_output;jR;101
2017-09-26T21:44:24.697390;setpoint;jR;100
2017-09-26T21:44:24.698115;power_output;jR;97
2017-09-26T21:44:25.700144;setpoint;jR;100
2017-09-26T21:44:25.701408;power_output;jR;107
2017-09-26T21:44:26.698184;setpoint;jR;100
2017-09-26T21:44:26.698786;power_output;jR;104
2017-09-26T21:44:27.698092;setpoint;jR;100
2017-09-26T21:44:27.699103;power_output;jR;107
2017-09-26T21:44:28.698404;setpoint;jR;100
2017-09-26T21:44:28.699339;power_output;jR;97
2017-09-26T21:44:29.698119;setpoint;jR;100
2017-09-26T21:44:29.698995;power_output;jR;104
2017-09-26T21:44:30.696863;setpoint;jR;100
2017-09-26T21:44:30.697502;power_output;jR;98
2017-09-26T21:44:31.698331;setpoint;jR;100
2017-09-26T21:44:31.699303;power_output;jR;104
2017-09-26T21:44:32.698060;setpoint;jR;100
2017-09-26T21:44:32.699148;power_output;jR;108
2017-09-26T21:44:33.697520;setpoint;jR;100
2017-09-26T21:44:33.699322;power_output;jR;90
2017-09-26T21:44:34.696879;setpoint;jR;100
2017-09-26T21:44:34.697764;power_output;jR;90
2017-09-26T21:44:35.699173;setpoint;jR;100
2017-09-26T21:44:35.700167;power_output;jR;93
2017-09-26T21:44:36.697794;setpoint;jR;100
2017-09-26T21:44:36.699378;power_output;jR;110
2017-09-26T21:44:37.696806;setpoint;jR;100
2017-09-26T21:44:37.697679;power_output;jR;101
2017-09-26T21:44:38.696536;setpoint;jR;100
2017-09-26T21:44:38.697496;power_output;jR;91
2017-09-26T21:44:39.700184;setpoint;jR;100
2017-09-26T21:44:39.701228;power_output;jR;91
2017-09-26T21:44:40.702328;setpoint;jR;100
2017-09-26T21:44:40.703268;power_output;jR;96
2017-09-26T21:44:41.698152;setpoint;jR;100
2017-09-26T21:44:41.698890;power_output;jR;100
2017-09-26T21:44:42.698310;setpoint;jR;100
2017-09-26T21:44:42.699193;power_output;jR;98
2017-09-26T21:44:43.697506;setpoint;jR;100
2017-09-26T21:44:43.698459;power_output;jR;104
2017-09-26T21:44:44.696844;setpoint;jR;100
2017-09-26T21:44:44.697709;power_output;jR;96
2017-09-26T21:44:45.698079;setpoint;jR;100
2017-09-26T21:44:45.698998;power_output;jR;98
2017-09-26T21:44:46.698449;setpoint;jR;100
2017-09-26T21:44:46.699328;power_output;jR;108
2017-09-26T21:44:47.698539;setpoint;jR;100
2017-09-26T21:44:47.699823;power_output;jR;96
2017-09-26T21:44:48.699419;setpoint;jR;100
2017-09-26T21:44:48.700318;power_output;jR;92
2017-09-26T21:44:49.697703;setpoint;jR;100
2017-09-26T21:44:49.714840;power_output;jR;99
2017-09-26T21:44:50.697882;setpoint;jR;100
2017-09-26T21:44:50.698886;power_output;jR;106
2017-09-26T21:44:51.697676;setpoint;jR;100
2017-09-26T21:44:51.698917;power_output;jR;93
2017-09-26T21:44:52.696748;setpoint;jR;100
2017-09-26T21:44:52.697691;power_output;jR;95
2017-09-26T21:44:53.697190;setpoint;jR;100
2017-09-26T21:44:53.698044;power_output;jR;103
2017-09-26T21:44:54.700237;setpoint;jR;100
2017-09-26T21:44:54.701163;power_output;jR;95
2017-09-26T21:44:55.697738;setpoint;jR;100
2017-09-26T21:44:55.698409;power_output;jR;107
2017-09-26T21:44:56.700622;setpoint;jR;100
2017-09-26T21:44:56.701605;power_output;jR;100
2017-09-26T21:44:57.696432;setpoint;jR;100
2017-09-26T21:44:57.697198;power_output;jR;96
2017-09-26T21:44:58.700632;setpoint;jR;100
2017-09-26T21:44:58.701756;power_output;jR;106
2017-09-26T21:44:59.696799;setpoint;jR;100
2017-09-26T21:44:59.697512;power_output;jR;94
2017-09-26T21:45:00.696510;setpoint;jR;100
2017-09-26T21:45:00.697114;power_output;jR;95
2017-09-26T21:45:01.697833;setpoint;jR;100
2017-09-26T21:45:01.698607;power_output;jR;99
2017-09-26T21:45:02.697214;setpoint;jR;100
2017-09-26T21:45:02.697822;power_output;jR;104
2017-09-26T21:45:03.698130;setpoint;jR;100
2017-09-26T21:45:03.698828;power_output;jR;102
2017-09-26T21:45:04.701749;setpoint;jR;100
2017-09-26T21:45:04.702715;power_output;jR;100
2017-09-26T21:45:05.697634;setpoint;jR;100
2017-09-26T21:45:05.698378;power_output;jR;109
2017-09-26T21:45:06.697374;setpoint;jR;100
2017-09-26T21:45:06.698130;power_output;jR;109
2017-09-26T21:45:07.696435;setpoint;jR;100
2017-09-26T21:45:07.697165;power_output;jR;104
2017-09-26T21:45:08.697774;setpoint;jR;100
2017-09-26T21:45:08.698488;power_output;jR;91
2017-09-26T21:45:09.696656;setpoint;jR;100
2017-09-26T21:45:09.697456;power_output;jR;108
2017-09-26T21:45:10.696748;setpoint;jR;100
2017-09-26T21:45:10.698460;power_output;jR;90
2017-09-26T21:45:11.700298;setpoint;jR;100
2017-09-26T21:45:11.701052;power_output;jR;107
2017-09-26T21:45:12.697089;setpoint;jR;100
2017-09-26T21:45:12.697843;power_output;jR;99
2017-09-26T21:45:13.700095;setpoint;jR;100
2017-09-26T21:45:13.700821;power_output;jR;102
2017-09-26T21:45:14.700062;setpoint;jR;100
2017-09-26T21:45:14.700627;power_output;jR;104
2017-09-26T21:45:15.699721;setpoint;jR;100
2017-09-26T21:45:15.700386;power_output;jR;96
2017-09-26T21:45:16.697024;setpoint;jR;100
2017-09-26T21:45:16.697615;power_output;jR;98
2017-09-26T21:45:17.697933;setpoint;jR;100
2017-09-26T21:45:17.699482;power_output;jR;102
2017-09-26T21:45:18.697350;setpoint;jR;100
2017-09-26T21:45:18.698159;power_output;jR;97
2017-09-26T21:45:19.698805;setpoint;jR;100
2017-09-26T21:45:19.725754;power_output;jR;102
2017-09-26T21:45:20.697289;setpoint;jR;100
2017-09-26T21:45:20.698060;power_output;jR;98
2017-09-26T21:45:21.697902;setpoint;jR;100
2017-09-26T21:45:21.698583;power_output;jR;90
2017-09-26T21:45:22.698679;setpoint;jR;100
2017-09-26T21:45:22.699616;power_output;jR;94
2017-09-26T21:45:23.697893;setpoint;jR;100
2017-09-26T21:45:23.698566;power_output;jR;104
2017-09-26T21:45:24.696795;setpoint;jR;100
2017-09-26T21:45:24.697553;power_output;jR;99
2017-09-26T21:45:25.696440;setpoint;jR;100
2017-09-26T21:45:25.697641;power_output;jR;107
2017-09-26T21:45:26.697287;setpoint;jR;100
2017-09-26T21:45:26.698307;power_output;jR;91
2017-09-26T21:45:27.697899;setpoint;jR;100
2017-09-26T21:45:27.698550;power_output;jR;98
2017-09-26T21:45:28.697686;setpoint;jR;100
2017-09-26T21:45:28.698370;power_output;jR;104
2017-09-26T21:45:29.697584;setpoint;jR;100
2017-09-26T21:45:29.698306;power_output;jR;93
2017-09-26T21:45:30.697200;setpoint;jR;100
2017-09-26T21:45:30.698002;power_output;jR;92
2017-09-26T21:45:31.696846;setpoint;jR;100
2017-09-26T21:45:31.697531;power_output;jR;103
2017-09-26T21:45:32.697240;setpoint;jR;100
2017-09-26T21:45:32.697934;power_output;jR;101
2017-09-26T21:45:33.696821;setpoint;jR;100
2017-09-26T21:45:33.697551;power_output;jR;92
2017-09-26T21:45:34.697861;setpoint;jR;100
2017-09-26T21:45:34.699054;power_output;jR;101
2017-09-26T21:45:35.696461;setpoint;jR;100
2017-09-26T21:45:35.697136;power_output;jR;94
2017-09-26T21:45:36.699021;setpoint;jR;100
2017-09-26T21:45:36.699917;power_output;jR;107
2017-09-26T21:45:37.697846;setpoint;jR;100
2017-09-26T21:45:37.698686;power_output;jR;102
2017-09-26T21:45:38.699168;setpoint;jR;100
2017-09-26T21:45:38.699879;power_output;jR;95
2017-09-26T21:45:39.698066;setpoint;jR;100
2017-09-26T21:45:39.698740;power_output;jR;94
2017-09-26T21:45:40.697524;setpoint;jR;100
2017-09-26T21:45:40.698220;power_output;jR;110
2017-09-26T21:45:41.697086;setpoint;jR;100
2017-09-26T21:45:41.697870;power_output;jR;98
2017-09-26T21:45:42.698435;setpoint;jR;100
2017-09-26T21:45:42.699289;power_output;jR;100
2017-09-26T21:45:43.698254;setpoint;jR;100
2017-09-26T21:45:43.698973;power_output;jR;101
2017-09-26T21:45:44.697653;setpoint;jR;100
2017-09-26T21:45:44.698387;power_output;jR;109
2017-09-26T21:45:45.698761;setpoint;jR;100
2017-09-26T21:45:45.699428;power_output;jR;98
2017-09-26T21:45:46.698158;setpoint;jR;100
2017-09-26T21:45:46.698912;power_output;jR;97
2017-09-26T21:45:47.699156;setpoint;jR;100
2017-09-26T21:45:47.699822;power_output;jR;92
2017-09-26T21:45:48.697125;setpoint;jR;100
2017-09-26T21:45:48.697768;power_output;jR;107
2017-09-26T21:45:49.698528;setpoint;jR;100
2017-09-26T21:45:49.715348;power_output;jR;96
2017-09-26T21:45:50.696427;setpoint;jR;100
2017-09-26T21:45:50.697065;power_output;jR;108
2017-09-26T21:45:51.696439;setpoint;jR;100
2017-09-26T21:45:51.697000;power_output;jR;104
2017-09-26T21:45:52.698582;setpoint;jR;100
2017-09-26T21:45:52.699273;power_output;jR;100
2017-09-26T21:45:53.698379;setpoint;jR;100
2017-09-26T21:45:53.698991;power_output;jR;106
2017-09-26T21:45:54.696591;setpoint;jR;100
2017-09-26T21:45:54.697300;power_output;jR;110
2017-09-26T21:45:55.697401;setpoint;jR;100
2017-09-26T21:45:55.698044;power_output;jR;110
2017-09-26T21:45:56.697259;setpoint;jR;100
2017-09-26T21:45:56.698111;power_output;jR;99
2017-09-26T21:45:57.698143;setpoint;jR;100
2017-09-26T21:45:57.698939;power_output;jR;94
2017-09-26T21:45:58.698109;setpoint;jR;100
2017-09-26T21:45:58.698828;power_output;jR;95
2017-09-26T21:45:59.696524;setpoint;jR;100
2017-09-26T21:45:59.697477;power_output;jR;102
2017-09-26T21:46:00.698309;setpoint;jR;100
2017-09-26T21:46:00.698976;power_output;jR;98
2017-09-26T21:46:01.696415;setpoint;jR;100
2017-09-26T21:46:01.697061;power_output;jR;102
2017-09-26T21:46:02.698042;setpoint;jR;100
2017-09-26T21:46:02.698746;power_output;jR;94
2017-09-26T21:46:03.697483;setpoint;jR;100
2017-09-26T21:46:03.698278;power_output;jR;100
2017-09-26T21:46:04.696722;setpoint;jR;100
2017-09-26T21:46:04.697401;power_output;jR;110
2017-09-26T21:46:05.697365;setpoint;jR;100
2017-09-26T21:46:05.698120;power_output;jR;98
2017-09-26T21:46:06.700781;setpoint;jR;100
2017-09-26T21:46:06.701545;power_output;jR;109
2017-09-26T21:46:07.698662;setpoint;jR;100
2017-09-26T21:46:07.699357;power_output;jR;96
2017-09-26T21:46:08.696463;setpoint;jR;100
2017-09-26T21:46:08.697125;power_output;jR;90
2017-09-26T21:46:09.697941;setpoint;jR;100
2017-09-26T21:46:09.698675;power_output;jR;91
2017-09-26T21:46:10.700515;setpoint;jR;100
2017-09-26T21:46:10.701469;power_output;jR;99
2017-09-26T21:46:11.696888;setpoint;jR;100
2017-09-26T21:46:11.697623;power_output;jR;101
2017-09-26T21:46:12.697658;setpoint;jR;100
2017-09-26T21:46:12.698313;power_output;jR;91
2017-09-26T21:46:13.696852;setpoint;jR;100
2017-09-26T21:46:13.697583;power_output;jR;108
2017-09-26T21:46:14.700824;setpoint;jR;100
2017-09-26T21:46:14.701539;power_output;jR;96
2017-09-26T21:46:15.696461;setpoint;jR;100
2017-09-26T21:46:15.697229;power_output;jR;104
2017-09-26T21:46:16.696890;setpoint;jR;100
2017-09-26T21:46:16.697544;power_output;jR;92
2017-09-26T21:46:17.697438;setpoint;jR;100
2017-09-26T21:46:17.698002;power_output;jR;91
2017-09-26T21:46:18.698856;setpoint;jR;100
2017-09-26T21:46:18.699512;power_output;jR;105
2017-09-26T21:46:19.697664;setpoint;jR;100
2017-09-26T21:46:19.725118;power_output;jR;99
2017-09-26T21:46:20.697359;setpoint;jR;100
2017-09-26T21:46:20.698168;power_output;jR;104
2017-09-26T21:46:21.697792;setpoint;jR;100
2017-09-26T21:46:21.698951;power_output;jR;107
2017-09-26T21:46:22.697085;setpoint;jR;100
2017-09-26T21:46:22.698074;power_output;jR;90
2017-09-26T21:46:23.697043;setpoint;jR;100
2017-09-26T21:46:23.697834;power_output;jR;93
2017-09-26T21:46:24.697894;setpoint;jR;100
2017-09-26T21:46:24.698595;power_output;jR;104
2017-09-26T21:46:25.697760;setpoint;jR;100
2017-09-26T21:46:25.698483;power_output;jR;108
2017-09-26T21:46:26.698502;setpoint;jR;100
2017-09-26T21:46:26.699252;power_output;jR;93
2017-09-26T21:46:27.698980;setpoint;jR;100
2017-09-26T21:46:27.699859;power_output;jR;105
2017-09-26T21:46:28.697717;setpoint;jR;100
2017-09-26T21:46:28.698444;power_output;jR;100
2017-09-26T21:46:29.697816;setpoint;jR;100
2017-09-26T21:46:29.699611;power_output;jR;95
2017-09-26T21:46:30.696558;setpoint;jR;100
2017-09-26T21:46:30.697228;power_output;jR;96
2017-09-26T21:46:31.697137;setpoint;jR;100
2017-09-26T21:46:31.697901;power_output;jR;107
2017-09-26T21:46:32.697799;setpoint;jR;100
2017-09-26T21:46:32.698558;power_output;jR;110
2017-09-26T21:46:33.697400;setpoint;jR;100
2017-09-26T21:46:33.698062;power_output;jR;106
2017-09-26T21:46:34.696565;setpoint;jR;100
2017-09-26T21:46:34.697481;power_output;jR;99
2017-09-26T21:46:35.696578;setpoint;jR;100
2017-09-26T21:46:35.697252;power_output;jR;105
2017-09-26T21:46:36.697621;setpoint;jR;100
2017-09-26T21:46:36.698494;power_output;jR;100
2017-09-26T21:46:37.696417;setpoint;jR;100
2017-09-26T21:46:37.697115;power_output;jR;101
2017-09-26T21:46:38.697029;setpoint;jR;100
2017-09-26T21:46:38.698166;power_output;jR;102
2017-09-26T21:46:39.696723;setpoint;jR;100
2017-09-26T21:46:39.697586;power_output;jR;108
2017-09-26T21:46:40.697249;setpoint;jR;100
2017-09-26T21:46:40.697931;power_output;jR;108
2017-09-26T21:46:41.698910;setpoint;jR;100
2017-09-26T21:46:41.699753;power_output;jR;93
2017-09-26T21:46:42.697272;setpoint;jR;100
2017-09-26T21:46:42.698137;power_output;jR;101
2017-09-26T21:46:43.697634;setpoint;jR;100
2017-09-26T21:46:43.698350;power_output;jR;98
2017-09-26T21:46:44.696749;setpoint;jR;100
2017-09-26T21:46:44.697381;power_output;jR;90
2017-09-26T21:46:45.697222;setpoint;jR;100
2017-09-26T21:46:45.697886;power_output;jR;100
2017-09-26T21:46:46.698435;setpoint;jR;100
2017-09-26T21:46:46.700047;power_output;jR;99
2017-09-26T21:46:47.698725;setpoint;jR;100
2017-09-26T21:46:47.699973;power_output;jR;97
2017-09-26T21:46:48.697643;setpoint;jR;100
2017-09-26T21:46:48.698688;power_output;jR;97
2017-09-26T21:46:49.697405;setpoint;jR;100
2017-09-26T21:46:49.724191;power_output;jR;107
2017-09-26T21:46:50.701362;setpoint;jR;100
2017-09-26T21:46:50.702838;power_output;jR;109
2017-09-26T21:46:51.698462;setpoint;jR;100
2017-09-26T21:46:51.699164;power_output;jR;92
2017-09-26T21:46:52.697338;setpoint;jR;100
2017-09-26T21:46:52.698028;power_output;jR;97
2017-09-26T21:46:53.696669;setpoint;jR;100
2017-09-26T21:46:53.697412;power_output;jR;106
2017-09-26T21:46:54.697464;setpoint;jR;100
2017-09-26T21:46:54.698438;power_output;jR;103
2017-09-26T21:46:55.697175;setpoint;jR;100
2017-09-26T21:46:55.698268;power_output;jR;106
2017-09-26T21:46:56.698065;setpoint;jR;100
2017-09-26T21:46:56.698800;power_output;jR;107
2017-09-26T21:46:57.698518;setpoint;jR;100
2017-09-26T21:46:57.699662;power_output;jR;109
2017-09-26T21:46:58.697390;setpoint;jR;100
2017-09-26T21:46:58.698220;power_output;jR;94
2017-09-26T21:46:59.697297;setpoint;jR;100
2017-09-26T21:46:59.698032;power_output;jR;104
2017-09-26T21:47:00.696906;setpoint;jR;100
2017-09-26T21:47:00.697689;power_output;jR;95
2017-09-26T21:47:01.697818;setpoint;jR;100
2017-09-26T21:47:01.698506;power_output;jR;101
2017-09-26T21:47:02.697809;setpoint;jR;100
2017-09-26T21:47:02.698487;power_output;jR;104
2017-09-26T21:47:03.697723;setpoint;jR;100
2017-09-26T21:47:03.698463;power_output;jR;95
2017-09-26T21:47:04.697406;setpoint;jR;100
2017-09-26T21:47:04.698086;power_output;jR;91
2017-09-26T21:47:05.697490;setpoint;jR;100
2017-09-26T21:47:05.698204;power_output;jR;105
2017-09-26T21:47:06.697424;setpoint;jR;100
2017-09-26T21:47:06.698305;power_output;jR;110
2017-09-26T21:47:07.698229;setpoint;jR;100
2017-09-26T21:47:07.699120;power_output;jR;96
2017-09-26T21:47:08.696565;setpoint;jR;100
2017-09-26T21:47:08.697348;power_output;jR;102
2017-09-26T21:47:09.697916;setpoint;jR;100
2017-09-26T21:47:09.699045;power_output;jR;107
2017-09-26T21:47:10.698299;setpoint;jR;100
2017-09-26T21:47:10.699046;power_output;jR;99
2017-09-26T21:47:11.697406;setpoint;jR;100
2017-09-26T21:47:11.698186;power_output;jR;93
2017-09-26T21:47:12.697089;setpoint;jR;100
2017-09-26T21:47:12.697786;power_output;jR;99
2017-09-26T21:47:13.698472;setpoint;jR;100
2017-09-26T21:47:13.699388;power_output;jR;102
2017-09-26T21:47:14.696435;setpoint;jR;100
2017-09-26T21:47:14.697104;power_output;jR;102
2017-09-26T21:47:15.700156;setpoint;jR;100
2017-09-26T21:47:15.701162;power_output;jR;109
2017-09-26T21:47:16.697713;setpoint;jR;100
2017-09-26T21:47:16.698470;power_output;jR;106
2017-09-26T21:47:17.697525;setpoint;jR;100
2017-09-26T21:47:17.698231;power_output;jR;102
2017-09-26T21:47:18.696425;setpoint;jR;100
2017-09-26T21:47:18.697107;power_output;jR;91
2017-09-26T21:47:19.699688;setpoint;jR;100
2017-09-26T21:47:19.727175;power_output;jR;92
2017-09-26T21:47:20.697401;setpoint;jR;100
2017-09-26T21:47:20.698218;power_output;jR;93
2017-09-26T21:47:21.697008;setpoint;jR;100
2017-09-26T21:47:21.697674;power_output;jR;90
2017-09-26T21:47:22.696488;setpoint;jR;100
2017-09-26T21:47:22.697150;power_output;jR;107
2017-09-26T21:47:23.696841;setpoint;jR;100
2017-09-26T21:47:23.697951;power_output;jR;91
2017-09-26T21:47:24.697216;setpoint;jR;100
2017-09-26T21:47:24.697953;power_output;jR;102
2017-09-26T21:47:25.697189;setpoint;jR;100
2017-09-26T21:47:25.697882;power_output;jR;94
2017-09-26T21:47:26.696975;setpoint;jR;100
2017-09-26T21:47:26.697775;power_output;jR;98
2017-09-26T21:47:27.698880;setpoint;jR;100
2017-09-26T21:47:27.699527;power_output;jR;93
2017-09-26T21:47:28.697772;setpoint;jR;100
2017-09-26T21:47:28.698410;power_output;jR;90
2017-09-26T21:47:29.697759;setpoint;jR;100
2017-09-26T21:47:29.698464;power_output;jR;108
2017-09-26T21:47:30.697202;setpoint;jR;100
2017-09-26T21:47:30.697950;power_output;jR;95
2017-09-26T21:47:31.696660;setpoint;jR;100
2017-09-26T21:47:31.697421;power_output;jR;95
2017-09-26T21:47:32.697473;setpoint;jR;100
2017-09-26T21:47:32.698228;power_output;jR;104
2017-09-26T21:47:33.697075;setpoint;jR;100
2017-09-26T21:47:33.697778;power_output;jR;105
2017-09-26T21:47:34.697494;setpoint;jR;100
2017-09-26T21:47:34.698190;power_output;jR;102
2017-09-26T21:47:35.697097;setpoint;jR;100
2017-09-26T21:47:35.697750;power_output;jR;97
2017-09-26T21:47:36.700020;setpoint;jR;100
2017-09-26T21:47:36.700904;power_output;jR;91
2017-09-26T21:47:37.697407;setpoint;jR;100
2017-09-26T21:47:37.698050;power_output;jR;109
2017-09-26T21:47:38.698970;setpoint;jR;100
2017-09-26T21:47:38.699861;power_output;jR;108
2017-09-26T21:47:39.697278;setpoint;jR;100
2017-09-26T21:47:39.697896;power_output;jR;95
2017-09-26T21:47:40.698114;setpoint;jR;100
2017-09-26T21:47:40.698734;power_output;jR;109
2017-09-26T21:47:41.697108;setpoint;jR;100
2017-09-26T21:47:41.697864;power_output;jR;104
2017-09-26T21:47:42.698231;setpoint;jR;100
2017-09-26T21:47:42.699067;power_output;jR;106
2017-09-26T21:47:43.698037;setpoint;jR;100
2017-09-26T21:47:43.698630;power_output;jR;102
2017-09-26T21:47:44.699433;setpoint;jR;100
2017-09-26T21:47:44.700531;power_output;jR;98
2017-09-26T21:47:45.697063;setpoint;jR;100
2017-09-26T21:47:45.697791;power_output;jR;101
2017-09-26T21:47:46.697236;setpoint;jR;100
2017-09-26T21:47:46.698223;power_output;jR;103
2017-09-26T21:47:47.697468;setpoint;jR;100
2017-09-26T21:47:47.698158;power_output;jR;102
2017-09-26T21:47:48.697697;setpoint;jR;100
2017-09-26T21:47:48.698440;power_output;jR;101
2017-09-26T21:47:49.697374;setpoint;jR;100
2017-09-26T21:47:49.698677;power_output;jR;107
2017-09-26T21:47:50.697858;setpoint;jR;100
2017-09-26T21:47:50.698442;power_output;jR;109
2017-09-26T21:47:51.698340;setpoint;jR;100
2017-09-26T21:47:51.699791;power_output;jR;105
2017-09-26T21:47:52.698420;setpoint;jR;100
2017-09-26T21:47:52.699897;power_output;jR;99
2017-09-26T21:47:53.697845;setpoint;jR;100
2017-09-26T21:47:53.698478;power_output;jR;110
2017-09-26T21:47:54.697188;setpoint;jR;100
2017-09-26T21:47:54.698121;power_output;jR;94
2017-09-26T21:47:55.698320;setpoint;jR;100
2017-09-26T21:47:55.699004;power_output;jR;108
2017-09-26T21:47:56.697575;setpoint;jR;100
2017-09-26T21:47:56.698171;power_output;jR;97
2017-09-26T21:47:57.699469;setpoint;jR;100
2017-09-26T21:47:57.700137;power_output;jR;91
2017-09-26T21:47:58.697208;setpoint;jR;100
2017-09-26T21:47:58.698008;power_output;jR;103
2017-09-26T21:47:59.700301;setpoint;jR;100
2017-09-26T21:47:59.701132;power_output;jR;97
2017-09-26T21:48:00.697773;setpoint;jR;100
2017-09-26T21:48:00.698622;power_output;jR;97
2017-09-26T21:48:01.697378;setpoint;jR;100
2017-09-26T21:48:01.698213;power_output;jR;98
2017-09-26T21:48:02.698863;setpoint;jR;100
2017-09-26T21:48:02.699772;power_output;jR;102
2017-09-26T21:48:03.696663;setpoint;jR;100
2017-09-26T21:48:03.697445;power_output;jR;96
2017-09-26T21:48:04.697614;setpoint;jR;100
2017-09-26T21:48:04.698417;power_output;jR;102
2017-09-26T21:48:05.697023;setpoint;jR;100
2017-09-26T21:48:05.697828;power_output;jR;97
2017-09-26T21:48:06.696808;setpoint;jR;100
2017-09-26T21:48:06.697556;power_output;jR;103
2017-09-26T21:48:07.696638;setpoint;jR;100
2017-09-26T21:48:07.697396;power_output;jR;93
2017-09-26T21:48:08.697558;setpoint;jR;100
2017-09-26T21:48:08.698129;power_output;jR;99
2017-09-26T21:48:09.697439;setpoint;jR;100
2017-09-26T21:48:09.698651;power_output;jR;98
2017-09-26T21:48:10.698322;setpoint;jR;100
2017-09-26T21:48:10.699299;power_output;jR;94
2017-09-26T21:48:11.697999;setpoint;jR;100
2017-09-26T21:48:11.698759;power_output;jR;106
2017-09-26T21:48:12.699520;setpoint;jR;100
2017-09-26T21:48:12.700176;power_output;jR;104
2017-09-26T21:48:13.699035;setpoint;jR;100
2017-09-26T21:48:13.699744;power_output;jR;90
2017-09-26T21:48:14.699645;setpoint;jR;100
2017-09-26T21:48:14.700269;power_output;jR;96
2017-09-26T21:48:15.698246;setpoint;jR;100
2017-09-26T21:48:15.698934;power_output;jR;90
2017-09-26T21:48:16.698249;setpoint;jR;100
2017-09-26T21:48:16.698896;power_output;jR;94
2017-09-26T21:48:17.700181;setpoint;jR;100
2017-09-26T21:48:17.701352;power_output;jR;98
2017-09-26T21:48:18.699518;setpoint;jR;100
2017-09-26T21:48:18.700153;power_output;jR;94
2017-09-26T21:48:19.696749;setpoint;jR;100
2017-09-26T21:48:19.713730;power_output;jR;100
2017-09-26T21:48:20.696754;setpoint;jR;100
2017-09-26T21:48:20.697483;power_output;jR;93
2017-09-26T21:48:21.700835;setpoint;jR;100
2017-09-26T21:48:21.701580;power_output;jR;99
2017-09-26T21:48:22.698039;setpoint;jR;100
2017-09-26T21:48:22.698684;power_output;jR;102
2017-09-26T21:48:23.697829;setpoint;jR;100
2017-09-26T21:48:23.698625;power_output;jR;104
2017-09-26T21:48:24.696760;setpoint;jR;100
2017-09-26T21:48:24.697417;power_output;jR;103
2017-09-26T21:48:25.696672;setpoint;jR;100
2017-09-26T21:48:25.697310;power_output;jR;97
2017-09-26T21:48:26.697424;setpoint;jR;100
2017-09-26T21:48:26.698085;power_output;jR;104
2017-09-26T21:48:27.696421;setpoint;jR;100
2017-09-26T21:48:27.697080;power_output;jR;102
2017-09-26T21:48:28.699016;setpoint;jR;100
2017-09-26T21:48:28.699709;power_output;jR;92
2017-09-26T21:48:29.700707;setpoint;jR;100
2017-09-26T21:48:29.701815;power_output;jR;95
2017-09-26T21:48:30.696750;setpoint;jR;100
2017-09-26T21:48:30.697441;power_output;jR;102
2017-09-26T21:48:31.697690;setpoint;jR;100
2017-09-26T21:48:31.698398;power_output;jR;104
2017-09-26T21:48:32.698550;setpoint;jR;100
2017-09-26T21:48:32.699906;power_output;jR;107
2017-09-26T21:48:33.698404;setpoint;jR;100
2017-09-26T21:48:33.699197;power_output;jR;105
2017-09-26T21:48:34.696964;setpoint;jR;100
2017-09-26T21:48:34.697799;power_output;jR;104
2017-09-26T21:48:35.697481;setpoint;jR;100
2017-09-26T21:48:35.698165;power_output;jR;103
2017-09-26T21:48:36.697336;setpoint;jR;100
2017-09-26T21:48:36.697943;power_output;jR;93
2017-09-26T21:48:37.697160;setpoint;jR;100
2017-09-26T21:48:37.697768;power_output;jR;102
2017-09-26T21:48:38.700164;setpoint;jR;100
2017-09-26T21:48:38.700807;power_output;jR;90
2017-09-26T21:48:39.697938;setpoint;jR;100
2017-09-26T21:48:39.698562;power_output;jR;98
2017-09-26T21:48:40.696502;setpoint;jR;100
2017-09-26T21:48:40.697156;power_output;jR;102
2017-09-26T21:48:41.697814;setpoint;jR;100
2017-09-26T21:48:41.698462;power_output;jR;107
2017-09-26T21:48:42.700167;setpoint;jR;100
2017-09-26T21:48:42.700814;power_output;jR;104
2017-09-26T21:48:43.697092;setpoint;jR;100
2017-09-26T21:48:43.697791;power_output;jR;106
2017-09-26T21:48:44.697147;setpoint;jR;100
2017-09-26T21:48:44.697758;power_output;jR;106
2017-09-26T21:48:45.697859;setpoint;jR;100
2017-09-26T21:48:45.698475;power_output;jR;98
2017-09-26T21:48:46.696625;setpoint;jR;100
2017-09-26T21:48:46.697262;power_output;jR;100
2017-09-26T21:48:47.699873;setpoint;jR;100
2017-09-26T21:48:47.700492;power_output;jR;91
2017-09-26T21:48:48.700112;setpoint;jR;100
2017-09-26T21:48:48.700708;power_output;jR;99
2017-09-26T21:48:49.698207;setpoint;jR;100
2017-09-26T21:48:49.714878;power_output;jR;106
2017-09-26T21:48:50.700064;setpoint;jR;100
2017-09-26T21:48:50.700736;power_output;jR;104
2017-09-26T21:48:51.698030;setpoint;jR;100
2017-09-26T21:48:51.699821;power_output;jR;90
2017-09-26T21:48:52.697786;setpoint;jR;100
2017-09-26T21:48:52.698491;power_output;jR;105
2017-09-26T21:48:53.696463;setpoint;jR;100
2017-09-26T21:48:53.697709;power_output;jR;92
2017-09-26T21:48:54.696467;setpoint;jR;100
2017-09-26T21:48:54.697255;power_output;jR;91
2017-09-26T21:48:55.697658;setpoint;jR;100
2017-09-26T21:48:55.698472;power_output;jR;94
2017-09-26T21:48:56.699976;setpoint;jR;100
2017-09-26T21:48:56.700841;power_output;jR;105
2017-09-26T21:48:57.696884;setpoint;jR;100
2017-09-26T21:48:57.697585;power_output;jR;102
2017-09-26T21:48:58.696574;setpoint;jR;100
2017-09-26T21:48:58.697301;power_output;jR;109
2017-09-26T21:48:59.698316;setpoint;jR;100
2017-09-26T21:48:59.699005;power_output;jR;106
2017-09-26T21:49:00.699182;setpoint;jR;100
2017-09-26T21:49:00.700167;power_output;jR;107
2017-09-26T21:49:01.697437;setpoint;jR;100
2017-09-26T21:49:01.698459;power_output;jR;103
2017-09-26T21:49:02.696414;setpoint;jR;100
2017-09-26T21:49:02.697287;power_output;jR;110
2017-09-26T21:49:03.697519;setpoint;jR;100
2017-09-26T21:49:03.698325;power_output;jR;91
2017-09-26T21:49:04.697299;setpoint;jR;100
2017-09-26T21:49:04.698048;power_output;jR;90
2017-09-26T21:49:05.697714;setpoint;jR;100
2017-09-26T21:49:05.698617;power_output;jR;98
2017-09-26T21:49:06.696647;setpoint;jR;100
2017-09-26T21:49:06.697396;power_output;jR;101
2017-09-26T21:49:07.701068;setpoint;jR;100
2017-09-26T21:49:07.702119;power_output;jR;95
2017-09-26T21:49:08.697210;setpoint;jR;100
2017-09-26T21:49:08.697802;power_output;jR;93
2017-09-26T21:49:09.700439;setpoint;jR;100
2017-09-26T21:49:09.701056;power_output;jR;100
2017-09-26T21:49:10.696976;setpoint;jR;100
2017-09-26T21:49:10.697886;power_output;jR;108
2017-09-26T21:49:11.697024;setpoint;jR;100
2017-09-26T21:49:11.697740;power_output;jR;93
2017-09-26T21:49:12.697855;setpoint;jR;100
2017-09-26T21:49:12.699412;power_output;jR;97
2017-09-26T21:49:13.702700;setpoint;jR;100
2017-09-26T21:49:13.709379;power_output;jR;98
2017-09-26T21:49:14.698371;setpoint;jR;100
2017-09-26T21:49:14.699170;power_output;jR;106
2017-09-26T21:49:15.700874;setpoint;jR;100
2017-09-26T21:49:15.701691;power_output;jR;95
2017-09-26T21:49:16.701416;setpoint;jR;100
2017-09-26T21:49:16.702016;power_output;jR;93
2017-09-26T21:49:17.701100;setpoint;jR;100
2017-09-26T21:49:17.701984;power_output;jR;104
2017-09-26T21:49:18.698890;setpoint;jR;100
2017-09-26T21:49:18.699502;power_output;jR;98
2017-09-26T21:49:19.696803;setpoint;jR;100
2017-09-26T21:49:19.714236;power_output;jR;110
2017-09-26T21:49:20.700593;setpoint;jR;100
2017-09-26T21:49:20.701268;power_output;jR;90
2017-09-26T21:49:21.698836;setpoint;jR;100
2017-09-26T21:49:21.699710;power_output;jR;108
2017-09-26T21:49:22.697166;setpoint;jR;100
2017-09-26T21:49:22.697759;power_output;jR;93
2017-09-26T21:49:23.697593;setpoint;jR;100
2017-09-26T21:49:23.698533;power_output;jR;99
2017-09-26T21:49:24.696741;setpoint;jR;100
2017-09-26T21:49:24.697452;power_output;jR;101
2017-09-26T21:49:25.697943;setpoint;jR;100
2017-09-26T21:49:25.698711;power_output;jR;107
2017-09-26T21:49:26.696843;setpoint;jR;100
2017-09-26T21:49:26.697548;power_output;jR;102
2017-09-26T21:49:27.698226;setpoint;jR;100
2017-09-26T21:49:27.699294;power_output;jR;96
2017-09-26T21:49:28.698154;setpoint;jR;100
2017-09-26T21:49:28.698823;power_output;jR;95
2017-09-26T21:49:29.697524;setpoint;jR;100
2017-09-26T21:49:29.698625;power_output;jR;107
2017-09-26T21:49:30.696510;setpoint;jR;100
2017-09-26T21:49:30.697296;power_output;jR;98
2017-09-26T21:49:31.696785;setpoint;jR;100
2017-09-26T21:49:31.697560;power_output;jR;90
2017-09-26T21:49:32.696967;setpoint;jR;100
2017-09-26T21:49:32.697791;power_output;jR;98
2017-09-26T21:49:33.699699;setpoint;jR;100
2017-09-26T21:49:33.700609;power_output;jR;101
2017-09-26T21:49:34.699227;setpoint;jR;100
2017-09-26T21:49:34.699914;power_output;jR;100
2017-09-26T21:49:35.700976;setpoint;jR;100
2017-09-26T21:49:35.701728;power_output;jR;90
2017-09-26T21:49:36.699773;setpoint;jR;100
2017-09-26T21:49:36.700969;power_output;jR;99
2017-09-26T21:49:37.697421;setpoint;jR;100
2017-09-26T21:49:37.698229;power_output;jR;107
2017-09-26T21:49:38.697203;setpoint;jR;100
2017-09-26T21:49:38.699085;power_output;jR;103
2017-09-26T21:49:39.700930;setpoint;jR;100
2017-09-26T21:49:39.701833;power_output;jR;106
2017-09-26T21:49:40.700684;setpoint;jR;100
2017-09-26T21:49:40.701450;power_output;jR;94
2017-09-26T21:49:41.698064;setpoint;jR;100
2017-09-26T21:49:41.698852;power_output;jR;93
2017-09-26T21:49:42.698965;setpoint;jR;100
2017-09-26T21:49:42.701202;power_output;jR;101
2017-09-26T21:49:43.698410;setpoint;jR;100
2017-09-26T21:49:43.699123;power_output;jR;106
2017-09-26T21:49:44.701258;setpoint;jR;100
2017-09-26T21:49:44.703578;power_output;jR;103
2017-09-26T21:49:45.698112;setpoint;jR;100
2017-09-26T21:49:45.699653;power_output;jR;99
2017-09-26T21:49:46.701809;setpoint;jR;100
2017-09-26T21:49:46.704306;power_output;jR;92
2017-09-26T21:49:47.697141;setpoint;jR;100
2017-09-26T21:49:47.698465;power_output;jR;98
2017-09-26T21:49:48.699498;setpoint;jR;100
2017-09-26T21:49:48.700624;power_output;jR;110
2017-09-26T21:49:49.696488;setpoint;jR;100
2017-09-26T21:49:49.697183;power_output;jR;90
2017-09-26T21:49:50.697175;setpoint;jR;100
2017-09-26T21:49:50.697873;power_output;jR;91
2017-09-26T21:49:51.700229;setpoint;jR;100
2017-09-26T21:49:51.701135;power_output;jR;110
2017-09-26T21:49:52.697354;setpoint;jR;100
2017-09-26T21:49:52.697997;power_output;jR;96
2017-09-26T21:49:53.696917;setpoint;jR;100
2017-09-26T21:49:53.697799;power_output;jR;108
2017-09-26T21:49:53.897877;dispatch;jR;50
2017-09-26T21:49:54.699109;setpoint;jR;100
2017-09-26T21:49:54.699773;power_output;jR;97
2017-09-26T21:49:55.698582;setpoint;jR;100
2017-09-26T21:49:55.699266;power_output;jR;90
2017-09-26T21:49:56.697676;setpoint;jR;100
2017-09-26T21:49:56.698514;power_output;jR;108
2017-09-26T21:49:57.698414;setpoint;jR;95
2017-09-26T21:49:57.699068;power_output;jR;86
2017-09-26T21:49:58.698471;setpoint;jR;90
2017-09-26T21:49:58.699465;power_output;jR;90
2017-09-26T21:49:59.698667;setpoint;jR;85
2017-09-26T21:49:59.699433;power_output;jR;87
2017-09-26T21:50:00.697846;setpoint;jR;85
2017-09-26T21:50:00.698691;power_output;jR;86
2017-09-26T21:50:01.697235;setpoint;jR;85
2017-09-26T21:50:01.698067;power_output;jR;94
2017-09-26T21:50:02.696695;setpoint;jR;85
2017-09-26T21:50:02.697584;power_output;jR;86
2017-09-26T21:50:03.697647;setpoint;jR;80
2017-09-26T21:50:03.698272;power_output;jR;74
2017-09-26T21:50:04.696695;setpoint;jR;80
2017-09-26T21:50:04.697535;power_output;jR;80
2017-09-26T21:50:05.696760;setpoint;jR;75
2017-09-26T21:50:05.697662;power_output;jR;66
2017-09-26T21:50:06.696502;setpoint;jR;75
2017-09-26T21:50:06.697164;power_output;jR;73
2017-09-26T21:50:07.696762;setpoint;jR;70
2017-09-26T21:50:07.697592;power_output;jR;72
2017-09-26T21:50:08.698909;setpoint;jR;65
2017-09-26T21:50:08.699736;power_output;jR;63
2017-09-26T21:50:09.696936;setpoint;jR;65
2017-09-26T21:50:09.697673;power_output;jR;63
2017-09-26T21:50:10.697628;setpoint;jR;60
2017-09-26T21:50:10.698472;power_output;jR;68
2017-09-26T21:50:11.696495;setpoint;jR;60
2017-09-26T21:50:11.697074;power_output;jR;57
2017-09-26T21:50:12.698963;setpoint;jR;55
2017-09-26T21:50:12.699839;power_output;jR;58
2017-09-26T21:50:13.700753;setpoint;jR;50
2017-09-26T21:50:13.701598;power_output;jR;53
2017-09-26T21:50:14.700798;setpoint;jR;50
2017-09-26T21:50:14.701414;power_output;jR;45
2017-09-26T21:50:15.696579;setpoint;jR;50
2017-09-26T21:50:15.697445;power_output;jR;58
2017-09-26T21:50:16.699309;setpoint;jR;50
2017-09-26T21:50:16.700015;power_output;jR;45
2017-09-26T21:50:17.696445;setpoint;jR;50
2017-09-26T21:50:17.697313;power_output;jR;40
2017-09-26T21:50:18.697459;setpoint;jR;50
2017-09-26T21:50:18.698366;power_output;jR;42
2017-09-26T21:50:19.696732;setpoint;jR;50
2017-09-26T21:50:19.697503;power_output;jR;49
2017-09-26T21:50:20.696459;setpoint;jR;50
2017-09-26T21:50:20.697051;power_output;jR;45
2017-09-26T21:50:21.697092;setpoint;jR;50
2017-09-26T21:50:21.697932;power_output;jR;47
2017-09-26T21:50:22.696734;setpoint;jR;50
2017-09-26T21:50:22.697520;power_output;jR;51
2017-09-26T21:50:23.697332;setpoint;jR;50
2017-09-26T21:50:23.697990;power_output;jR;46
2017-09-26T21:50:24.696818;setpoint;jR;50
2017-09-26T21:50:24.697844;power_output;jR;46
2017-09-26T21:50:25.699382;setpoint;jR;50
2017-09-26T21:50:25.701796;power_output;jR;55
2017-09-26T21:50:26.696966;setpoint;jR;50
2017-09-26T21:50:26.697593;power_output;jR;56
2017-09-26T21:50:27.697483;setpoint;jR;50
2017-09-26T21:50:27.698357;power_output;jR;51
2017-09-26T21:50:28.697116;setpoint;jR;50
2017-09-26T21:50:28.698081;power_output;jR;45
2017-09-26T21:50:29.696761;setpoint;jR;50
2017-09-26T21:50:29.697406;power_output;jR;40
2017-09-26T21:50:30.700268;setpoint;jR;50
2017-09-26T21:50:30.701113;power_output;jR;42
2017-09-26T21:50:31.697839;setpoint;jR;50
2017-09-26T21:50:31.698597;power_output;jR;60
2017-09-26T21:50:32.696939;setpoint;jR;50
2017-09-26T21:50:32.697841;power_output;jR;55
2017-09-26T21:50:33.700405;setpoint;jR;50
2017-09-26T21:50:33.701338;power_output;jR;41
2017-09-26T21:50:34.698186;setpoint;jR;50
2017-09-26T21:50:34.698885;power_output;jR;46
2017-09-26T21:50:35.698860;setpoint;jR;50
2017-09-26T21:50:35.699755;power_output;jR;57
2017-09-26T21:50:36.696570;setpoint;jR;50
2017-09-26T21:50:36.697476;power_output;jR;43
2017-09-26T21:50:37.696510;setpoint;jR;50
2017-09-26T21:50:37.697125;power_output;jR;46
2017-09-26T21:50:38.696507;setpoint;jR;50
2017-09-26T21:50:38.697099;power_output;jR;60
2017-09-26T21:50:39.698078;setpoint;jR;50
2017-09-26T21:50:39.698825;power_output;jR;43
2017-09-26T21:50:40.699649;setpoint;jR;50
2017-09-26T21:50:40.700550;power_output;jR;52
2017-09-26T21:50:41.697575;setpoint;jR;50
2017-09-26T21:50:41.698236;power_output;jR;42
2017-09-26T21:50:42.701044;setpoint;jR;50
2017-09-26T21:50:42.701890;power_output;jR;48
2017-09-26T21:50:43.699308;setpoint;jR;50
2017-09-26T21:50:43.700194;power_output;jR;44
2017-09-26T21:50:44.699679;setpoint;jR;50
2017-09-26T21:50:44.700399;power_output;jR;42
2017-09-26T21:50:45.698097;setpoint;jR;50
2017-09-26T21:50:45.698906;power_output;jR;55
2017-09-26T21:50:46.699295;setpoint;jR;50
2017-09-26T21:50:46.700207;power_output;jR;45
2017-09-26T21:50:47.696526;setpoint;jR;50
2017-09-26T21:50:47.697143;power_output;jR;60
2017-09-26T21:50:48.700658;setpoint;jR;50
2017-09-26T21:50:48.701555;power_output;jR;52
2017-09-26T21:50:49.697329;setpoint;jR;50
2017-09-26T21:50:49.698132;power_output;jR;52
2017-09-26T21:50:50.700813;setpoint;jR;50
2017-09-26T21:50:50.701488;power_output;jR;47
2017-09-26T21:50:51.696472;setpoint;jR;50
2017-09-26T21:50:51.697112;power_output;jR;44
2017-09-26T21:50:52.696509;setpoint;jR;50
2017-09-26T21:50:52.697183;power_output;jR;49
2017-09-26T21:50:53.696979;setpoint;jR;50
2017-09-26T21:50:53.697769;power_output;jR;47
2017-09-26T21:50:54.701190;setpoint;jR;50
2017-09-26T21:50:54.702010;power_output;jR;47
2017-09-26T21:50:55.700543;setpoint;jR;50
2017-09-26T21:50:55.701213;power_output;jR;47
2017-09-26T21:50:56.698942;setpoint;jR;50
2017-09-26T21:50:56.699794;power_output;jR;42
2017-09-26T21:50:57.697346;setpoint;jR;50
2017-09-26T21:50:57.698175;power_output;jR;46
2017-09-26T21:50:58.698858;setpoint;jR;50
2017-09-26T21:50:58.699503;power_output;jR;58
2017-09-26T21:50:59.696618;setpoint;jR;50
2017-09-26T21:50:59.697437;power_output;jR;40
2017-09-26T21:51:00.698185;setpoint;jR;50
2017-09-26T21:51:00.699070;power_output;jR;59
2017-09-26T21:51:01.697580;setpoint;jR;50
2017-09-26T21:51:01.698260;power_output;jR;60
2017-09-26T21:51:02.697908;setpoint;jR;50
2017-09-26T21:51:02.698534;power_output;jR;43
2017-09-26T21:51:03.697823;setpoint;jR;50
2017-09-26T21:51:03.698434;power_output;jR;41
2017-09-26T21:51:04.696852;setpoint;jR;50
2017-09-26T21:51:04.697495;power_output;jR;59
2017-09-26T21:51:05.701344;setpoint;jR;50
2017-09-26T21:51:05.702252;power_output;jR;44
2017-09-26T21:51:06.696960;setpoint;jR;50
2017-09-26T21:51:06.697587;power_output;jR;57
2017-09-26T21:51:07.696900;setpoint;jR;50
2017-09-26T21:51:07.697723;power_output;jR;55
2017-09-26T21:51:08.696726;setpoint;jR;50
2017-09-26T21:51:08.697513;power_output;jR;55
2017-09-26T21:51:09.697261;setpoint;jR;50
2017-09-26T21:51:09.697995;power_output;jR;59
2017-09-26T21:51:10.696861;setpoint;jR;50
2017-09-26T21:51:10.697807;power_output;jR;50
2017-09-26T21:51:11.697419;setpoint;jR;50
2017-09-26T21:51:11.698167;power_output;jR;46
2017-09-26T21:51:12.700904;setpoint;jR;50
2017-09-26T21:51:12.701535;power_output;jR;49
2017-09-26T21:51:13.696820;setpoint;jR;50
2017-09-26T21:51:13.697807;power_output;jR;48
2017-09-26T21:51:14.700577;setpoint;jR;50
2017-09-26T21:51:14.701311;power_output;jR;56
2017-09-26T21:51:15.698526;setpoint;jR;50
2017-09-26T21:51:15.699142;power_output;jR;55
2017-09-26T21:51:16.700949;setpoint;jR;50
2017-09-26T21:51:16.701854;power_output;jR;52
2017-09-26T21:51:17.696972;setpoint;jR;50
2017-09-26T21:51:17.697760;power_output;jR;52
2017-09-26T21:51:18.696513;setpoint;jR;50
2017-09-26T21:51:18.697276;power_output;jR;44
2017-09-26T21:51:19.698280;setpoint;jR;50
2017-09-26T21:51:19.698913;power_output;jR;49
2017-09-26T21:51:20.696540;setpoint;jR;50
2017-09-26T21:51:20.697185;power_output;jR;40
2017-09-26T21:51:21.696485;setpoint;jR;50
2017-09-26T21:51:21.697242;power_output;jR;55
2017-09-26T21:51:22.701186;setpoint;jR;50
2017-09-26T21:51:22.702012;power_output;jR;58
2017-09-26T21:51:23.698157;setpoint;jR;50
2017-09-26T21:51:23.698966;power_output;jR;59
2017-09-26T21:51:24.700534;setpoint;jR;50
2017-09-26T21:51:24.701212;power_output;jR;47
2017-09-26T21:51:25.696504;setpoint;jR;50
2017-09-26T21:51:25.697138;power_output;jR;47
2017-09-26T21:51:26.699820;setpoint;jR;50
2017-09-26T21:51:26.700655;power_output;jR;57
2017-09-26T21:51:27.697453;setpoint;jR;50
2017-09-26T21:51:27.698263;power_output;jR;52
2017-09-26T21:51:28.701506;setpoint;jR;50
2017-09-26T21:51:28.702289;power_output;jR;43
2017-09-26T21:51:29.696738;setpoint;jR;50
2017-09-26T21:51:29.697605;power_output;jR;44
2017-09-26T21:51:30.696701;setpoint;jR;50
2017-09-26T21:51:30.697513;power_output;jR;50
2017-09-26T21:51:31.696512;setpoint;jR;50
2017-09-26T21:51:31.697255;power_output;jR;51
2017-09-26T21:51:32.699456;setpoint;jR;50
2017-09-26T21:51:32.700130;power_output;jR;46
2017-09-26T21:51:33.697369;setpoint;jR;50
2017-09-26T21:51:33.698210;power_output;jR;54
2017-09-26T21:51:34.699185;setpoint;jR;50
2017-09-26T21:51:34.700166;power_output;jR;42
2017-09-26T21:51:35.696586;setpoint;jR;50
2017-09-26T21:51:35.697410;power_output;jR;54
2017-09-26T21:51:36.699083;setpoint;jR;50
2017-09-26T21:51:36.699919;power_output;jR;53
2017-09-26T21:51:37.665475;dispatch;jR;25
2017-09-26T21:51:37.696485;setpoint;jR;50
2017-09-26T21:51:37.697363;power_output;jR;50
2017-09-26T21:51:38.696491;setpoint;jR;45
2017-09-26T21:51:38.697263;power_output;jR;46
2017-09-26T21:51:39.696475;setpoint;jR;45
2017-09-26T21:51:39.697082;power_output;jR;53
2017-09-26T21:51:40.697421;setpoint;jR;40
2017-09-26T21:51:40.698291;power_output;jR;37
2017-09-26T21:51:41.696686;setpoint;jR;40
2017-09-26T21:51:41.697360;power_output;jR;36
2017-09-26T21:51:42.697021;setpoint;jR;35
2017-09-26T21:51:42.697915;power_output;jR;41
2017-09-26T21:51:43.699397;setpoint;jR;30
2017-09-26T21:51:43.700097;power_output;jR;23
2017-09-26T21:51:44.698302;setpoint;jR;30
2017-09-26T21:51:44.699307;power_output;jR;37
2017-09-26T21:51:45.696827;setpoint;jR;30
2017-09-26T21:51:45.697636;power_output;jR;30
2017-09-26T21:51:46.697129;setpoint;jR;25
2017-09-26T21:51:46.698439;power_output;jR;34
2017-09-26T21:51:47.696617;setpoint;jR;25
2017-09-26T21:51:47.697585;power_output;jR;30
2017-09-26T21:51:48.697055;setpoint;jR;25
2017-09-26T21:51:48.698028;power_output;jR;21
2017-09-26T21:51:49.697091;setpoint;jR;25
2017-09-26T21:51:49.697877;power_output;jR;31
2017-09-26T21:51:50.696650;setpoint;jR;25
2017-09-26T21:51:50.697388;power_output;jR;24
2017-09-26T21:51:51.696466;setpoint;jR;25
2017-09-26T21:51:51.697173;power_output;jR;26
2017-09-26T21:51:52.696518;setpoint;jR;25
2017-09-26T21:51:52.697093;power_output;jR;16
2017-09-26T21:51:53.696715;setpoint;jR;25
2017-09-26T21:51:53.697458;power_output;jR;18
2017-09-26T21:51:54.696927;setpoint;jR;25
2017-09-26T21:51:54.697860;power_output;jR;24
2017-09-26T21:51:55.696903;setpoint;jR;25
2017-09-26T21:51:55.698003;power_output;jR;20
2017-09-26T21:51:56.697658;setpoint;jR;25
2017-09-26T21:51:56.698720;power_output;jR;24
2017-09-26T21:51:57.698263;setpoint;jR;25
2017-09-26T21:51:57.699377;power_output;jR;19
2017-09-26T21:51:58.697144;setpoint;jR;25
2017-09-26T21:51:58.698038;power_output;jR;25
2017-09-26T21:51:59.697503;setpoint;jR;25
2017-09-26T21:51:59.698187;power_output;jR;26
2017-09-26T21:52:00.700928;setpoint;jR;25
2017-09-26T21:52:00.701611;power_output;jR;24
2017-09-26T21:52:01.698564;setpoint;jR;25
2017-09-26T21:52:01.699370;power_output;jR;32
2017-09-26T21:52:02.702384;setpoint;jR;25
2017-09-26T21:52:02.703272;power_output;jR;32
2017-09-26T21:52:03.697670;setpoint;jR;25
2017-09-26T21:52:03.698368;power_output;jR;21
2017-09-26T21:52:04.700812;setpoint;jR;25
2017-09-26T21:52:04.701450;power_output;jR;17
2017-09-26T21:52:05.697652;setpoint;jR;25
2017-09-26T21:52:05.698641;power_output;jR;32
2017-09-26T21:52:06.697301;setpoint;jR;25
2017-09-26T21:52:06.697917;power_output;jR;26
2017-09-26T21:52:07.701623;setpoint;jR;25
2017-09-26T21:52:07.702306;power_output;jR;33
2017-09-26T21:52:08.698181;setpoint;jR;25
2017-09-26T21:52:08.698877;power_output;jR;22
2017-09-26T21:52:09.697337;setpoint;jR;25
2017-09-26T21:52:09.698180;power_output;jR;17
2017-09-26T21:52:10.700754;setpoint;jR;25
2017-09-26T21:52:10.701635;power_output;jR;32
2017-09-26T21:52:11.697434;setpoint;jR;25
2017-09-26T21:52:11.698353;power_output;jR;28
2017-09-26T21:52:12.696669;setpoint;jR;25
2017-09-26T21:52:12.697342;power_output;jR;28
2017-09-26T21:52:13.696506;setpoint;jR;25
2017-09-26T21:52:13.697102;power_output;jR;29
2017-09-26T21:52:14.698730;setpoint;jR;25
2017-09-26T21:52:14.699686;power_output;jR;31
2017-09-26T21:52:15.697172;setpoint;jR;25
2017-09-26T21:52:15.697747;power_output;jR;30
2017-09-26T21:52:16.698130;setpoint;jR;25
2017-09-26T21:52:16.698814;power_output;jR;30
2017-09-26T21:52:17.701942;setpoint;jR;25
2017-09-26T21:52:17.702783;power_output;jR;29
2017-09-26T21:52:18.699159;setpoint;jR;25
2017-09-26T21:52:18.700139;power_output;jR;34
2017-09-26T21:52:19.699284;setpoint;jR;25
2017-09-26T21:52:19.726121;power_output;jR;18
2017-09-26T21:52:20.696751;setpoint;jR;25
2017-09-26T21:52:20.697369;power_output;jR;31
2017-09-26T21:52:21.698038;setpoint;jR;25
2017-09-26T21:52:21.698919;power_output;jR;21
2017-09-26T21:52:22.699047;setpoint;jR;25
2017-09-26T21:52:22.699635;power_output;jR;26
2017-09-26T21:52:23.696580;setpoint;jR;25
2017-09-26T21:52:23.697346;power_output;jR;15
2017-09-26T21:52:24.699628;setpoint;jR;25
2017-09-26T21:52:24.700478;power_output;jR;15
2017-09-26T21:52:25.697587;setpoint;jR;25
2017-09-26T21:52:25.698568;power_output;jR;28
2017-09-26T21:52:26.700330;setpoint;jR;25
2017-09-26T21:52:26.700977;power_output;jR;29
2017-09-26T21:52:27.697493;setpoint;jR;25
2017-09-26T21:52:27.698154;power_output;jR;26
2017-09-26T21:52:28.702221;setpoint;jR;25
2017-09-26T21:52:28.703086;power_output;jR;18
2017-09-26T21:52:29.697670;setpoint;jR;25
2017-09-26T21:52:29.698300;power_output;jR;19
2017-09-26T21:52:30.701278;setpoint;jR;25
2017-09-26T21:52:30.702028;power_output;jR;32
2017-09-26T21:52:31.699565;setpoint;jR;25
2017-09-26T21:52:31.700207;power_output;jR;27
2017-09-26T21:52:32.699871;setpoint;jR;25
2017-09-26T21:52:32.700734;power_output;jR;30
2017-09-26T21:52:33.699388;setpoint;jR;25
2017-09-26T21:52:33.700269;power_output;jR;17
2017-09-26T21:52:34.697083;setpoint;jR;25
2017-09-26T21:52:34.697947;power_output;jR;27
2017-09-26T21:52:35.699339;setpoint;jR;25
2017-09-26T21:52:35.700172;power_output;jR;25
2017-09-26T21:52:36.697800;setpoint;jR;25
2017-09-26T21:52:36.698709;power_output;jR;34
2017-09-26T21:52:37.698714;setpoint;jR;25
2017-09-26T21:52:37.699606;power_output;jR;30
2017-09-26T21:52:38.697469;setpoint;jR;25
2017-09-26T21:52:38.698349;power_output;jR;30
2017-09-26T21:52:39.699057;setpoint;jR;25
2017-09-26T21:52:39.699875;power_output;jR;28
2017-09-26T21:52:40.701533;setpoint;jR;25
2017-09-26T21:52:40.702382;power_output;jR;35
2017-09-26T21:52:41.699503;setpoint;jR;25
2017-09-26T21:52:41.700434;power_output;jR;29
2017-09-26T21:52:42.696994;setpoint;jR;25
2017-09-26T21:52:42.697878;power_output;jR;33
2017-09-26T21:52:43.697323;setpoint;jR;25
2017-09-26T21:52:43.698110;power_output;jR;26
2017-09-26T21:52:44.701990;setpoint;jR;25
2017-09-26T21:52:44.702907;power_output;jR;24
2017-09-26T21:52:45.697746;setpoint;jR;25
2017-09-26T21:52:45.698610;power_output;jR;15
2017-09-26T21:52:46.700792;setpoint;jR;25
2017-09-26T21:52:46.701663;power_output;jR;24
2017-09-26T21:52:47.697014;setpoint;jR;25
2017-09-26T21:52:47.697681;power_output;jR;16
2017-09-26T21:52:48.700724;setpoint;jR;25
2017-09-26T21:52:48.701315;power_output;jR;25
2017-09-26T21:52:49.701523;setpoint;jR;25
2017-09-26T21:52:49.729025;power_output;jR;23
2017-09-26T21:52:50.699998;setpoint;jR;25
2017-09-26T21:52:50.700893;power_output;jR;16
2017-09-26T21:52:51.697628;setpoint;jR;25
2017-09-26T21:52:51.698331;power_output;jR;17
2017-09-26T21:52:52.699334;setpoint;jR;25
2017-09-26T21:52:52.700062;power_output;jR;24
2017-09-26T21:52:53.698351;setpoint;jR;25
2017-09-26T21:52:53.699305;power_output;jR;33
2017-09-26T21:52:54.701341;setpoint;jR;25
2017-09-26T21:52:54.702241;power_output;jR;25
2017-09-26T21:52:55.697624;setpoint;jR;25
2017-09-26T21:52:55.698339;power_output;jR;23
2017-09-26T21:52:56.698432;setpoint;jR;25
2017-09-26T21:52:56.699067;power_output;jR;23
2017-09-26T21:52:57.696943;setpoint;jR;25
2017-09-26T21:52:57.697856;power_output;jR;28
2017-09-26T21:52:58.697650;setpoint;jR;25
2017-09-26T21:52:58.698570;power_output;jR;25
2017-09-26T21:52:59.696620;setpoint;jR;25
2017-09-26T21:52:59.697288;power_output;jR;17
2017-09-26T21:53:00.698439;setpoint;jR;25
2017-09-26T21:53:00.699087;power_output;jR;25
2017-09-26T21:53:01.702516;setpoint;jR;25
2017-09-26T21:53:01.703294;power_output;jR;30
2017-09-26T21:53:02.697413;setpoint;jR;25
2017-09-26T21:53:02.698275;power_output;jR;32
2017-09-26T21:53:03.698154;setpoint;jR;25
2017-09-26T21:53:03.698794;power_output;jR;21
2017-09-26T21:53:04.697691;setpoint;jR;25
2017-09-26T21:53:04.698578;power_output;jR;31
2017-09-26T21:53:05.701881;setpoint;jR;25
2017-09-26T21:53:05.702631;power_output;jR;23
2017-09-26T21:53:06.696630;setpoint;jR;25
2017-09-26T21:53:06.697470;power_output;jR;32
2017-09-26T21:53:07.273765;dispatch;jR;75
2017-09-26T21:53:07.699851;setpoint;jR;25
2017-09-26T21:53:07.700671;power_output;jR;26
2017-09-26T21:53:08.696889;setpoint;jR;25
2017-09-26T21:53:08.697706;power_output;jR;21
2017-09-26T21:53:09.697358;setpoint;jR;30
2017-09-26T21:53:09.698077;power_output;jR;29
2017-09-26T21:53:10.700194;setpoint;jR;35
2017-09-26T21:53:10.700903;power_output;jR;38
2017-09-26T21:53:11.699436;setpoint;jR;35
2017-09-26T21:53:11.700360;power_output;jR;41
2017-09-26T21:53:12.697716;setpoint;jR;35
2017-09-26T21:53:12.698654;power_output;jR;44
2017-09-26T21:53:13.696519;setpoint;jR;35
2017-09-26T21:53:13.697207;power_output;jR;42
2017-09-26T21:53:14.701993;setpoint;jR;40
2017-09-26T21:53:14.702850;power_output;jR;41
2017-09-26T21:53:15.696934;setpoint;jR;40
2017-09-26T21:53:15.698016;power_output;jR;31
2017-09-26T21:53:16.697053;setpoint;jR;45
2017-09-26T21:53:16.697920;power_output;jR;35
2017-09-26T21:53:17.697677;setpoint;jR;50
2017-09-26T21:53:17.698336;power_output;jR;60
2017-09-26T21:53:18.696963;setpoint;jR;50
2017-09-26T21:53:18.697615;power_output;jR;51
2017-09-26T21:53:19.698006;setpoint;jR;55
2017-09-26T21:53:19.725494;power_output;jR;62
2017-09-26T21:53:20.697286;setpoint;jR;55
2017-09-26T21:53:20.698069;power_output;jR;54
2017-09-26T21:53:21.696630;setpoint;jR;55
2017-09-26T21:53:21.697334;power_output;jR;60
2017-09-26T21:53:22.697322;setpoint;jR;60
2017-09-26T21:53:22.697991;power_output;jR;56
2017-09-26T21:53:23.697152;setpoint;jR;60
2017-09-26T21:53:23.698088;power_output;jR;70
2017-09-26T21:53:24.698608;setpoint;jR;65
2017-09-26T21:53:24.699511;power_output;jR;61
2017-09-26T21:53:25.697181;setpoint;jR;65
2017-09-26T21:53:25.697857;power_output;jR;73
2017-09-26T21:53:26.700312;setpoint;jR;70
2017-09-26T21:53:26.700965;power_output;jR;78
2017-09-26T21:53:27.697814;setpoint;jR;70
2017-09-26T21:53:27.698764;power_output;jR;74
2017-09-26T21:53:28.696652;setpoint;jR;70
2017-09-26T21:53:28.697563;power_output;jR;60
2017-09-26T21:53:29.700547;setpoint;jR;75
2017-09-26T21:53:29.701354;power_output;jR;79
2017-09-26T21:53:30.700233;setpoint;jR;75
2017-09-26T21:53:30.701188;power_output;jR;75
2017-09-26T21:53:31.697201;setpoint;jR;75
2017-09-26T21:53:31.697909;power_output;jR;65
2017-09-26T21:53:32.698854;setpoint;jR;75
2017-09-26T21:53:32.699553;power_output;jR;73
2017-09-26T21:53:33.697746;setpoint;jR;75
2017-09-26T21:53:33.698415;power_output;jR;83
2017-09-26T21:53:34.699439;setpoint;jR;75
2017-09-26T21:53:34.700114;power_output;jR;67
2017-09-26T21:53:35.696552;setpoint;jR;75
2017-09-26T21:53:35.697178;power_output;jR;84
2017-09-26T21:53:36.698092;setpoint;jR;75
2017-09-26T21:53:36.698745;power_output;jR;78
2017-09-26T21:53:37.696595;setpoint;jR;75
2017-09-26T21:53:37.697454;power_output;jR;77
2017-09-26T21:53:38.699000;setpoint;jR;75
2017-09-26T21:53:38.699895;power_output;jR;79
2017-09-26T21:53:39.697269;setpoint;jR;75
2017-09-26T21:53:39.698002;power_output;jR;66
2017-09-26T21:53:40.697232;setpoint;jR;75
2017-09-26T21:53:40.697913;power_output;jR;76
2017-09-26T21:53:41.697038;setpoint;jR;75
2017-09-26T21:53:41.697959;power_output;jR;76
2017-09-26T21:53:42.698118;setpoint;jR;75
2017-09-26T21:53:42.699160;power_output;jR;78
2017-09-26T21:53:43.697857;setpoint;jR;75
2017-09-26T21:53:43.698500;power_output;jR;70
2017-09-26T21:53:44.697288;setpoint;jR;75
2017-09-26T21:53:44.698111;power_output;jR;85
2017-09-26T21:53:45.697580;setpoint;jR;75
2017-09-26T21:53:45.698479;power_output;jR;78
2017-09-26T21:53:46.697419;setpoint;jR;75
2017-09-26T21:53:46.698289;power_output;jR;80
2017-09-26T21:53:47.697503;setpoint;jR;75
2017-09-26T21:53:47.698083;power_output;jR;65
2017-09-26T21:53:48.696496;setpoint;jR;75
2017-09-26T21:53:48.697173;power_output;jR;72
2017-09-26T21:53:49.697852;setpoint;jR;75
2017-09-26T21:53:49.725270;power_output;jR;76
2017-09-26T21:53:50.697186;setpoint;jR;75
2017-09-26T21:53:50.697937;power_output;jR;65
2017-09-26T21:53:51.699801;setpoint;jR;75
2017-09-26T21:53:51.700417;power_output;jR;82
2017-09-26T21:53:52.698420;setpoint;jR;75
2017-09-26T21:53:52.699082;power_output;jR;81
2017-09-26T21:53:53.696956;setpoint;jR;75
2017-09-26T21:53:53.697899;power_output;jR;69
2017-09-26T21:53:54.697954;setpoint;jR;75
2017-09-26T21:53:54.698875;power_output;jR;83
2017-09-26T21:53:55.699331;setpoint;jR;75
2017-09-26T21:53:55.700044;power_output;jR;79
2017-09-26T21:53:56.698227;setpoint;jR;75
2017-09-26T21:53:56.699003;power_output;jR;72
2017-09-26T21:53:57.701838;setpoint;jR;75
2017-09-26T21:53:57.702741;power_output;jR;73
2017-09-26T21:53:58.701703;setpoint;jR;75
2017-09-26T21:53:58.702705;power_output;jR;71
2017-09-26T21:53:59.699977;setpoint;jR;75
2017-09-26T21:53:59.700669;power_output;jR;66
2017-09-26T21:54:00.697984;setpoint;jR;75
2017-09-26T21:54:00.698649;power_output;jR;77
2017-09-26T21:54:01.697503;setpoint;jR;75
2017-09-26T21:54:01.698405;power_output;jR;65
2017-09-26T21:54:02.698362;setpoint;jR;75
2017-09-26T21:54:02.699291;power_output;jR;70
2017-09-26T21:54:03.697193;setpoint;jR;75
2017-09-26T21:54:03.697912;power_output;jR;84
2017-09-26T21:54:04.697635;setpoint;jR;75
2017-09-26T21:54:04.698384;power_output;jR;74
2017-09-26T21:54:05.696813;setpoint;jR;75
2017-09-26T21:54:05.697682;power_output;jR;69
2017-09-26T21:54:06.700511;setpoint;jR;75
2017-09-26T21:54:06.701477;power_output;jR;76
2017-09-26T21:54:07.696501;setpoint;jR;75
2017-09-26T21:54:07.697248;power_output;jR;73
2017-09-26T21:54:08.699726;setpoint;jR;75
2017-09-26T21:54:08.700426;power_output;jR;79
2017-09-26T21:54:09.697142;setpoint;jR;75
2017-09-26T21:54:09.698000;power_output;jR;82
2017-09-26T21:54:10.699858;setpoint;jR;75
2017-09-26T21:54:10.700749;power_output;jR;80
2017-09-26T21:54:11.696862;setpoint;jR;75
2017-09-26T21:54:11.697646;power_output;jR;78
2017-09-26T21:54:12.699379;setpoint;jR;75
2017-09-26T21:54:12.700186;power_output;jR;75
2017-09-26T21:54:13.698081;setpoint;jR;75
2017-09-26T21:54:13.699007;power_output;jR;66
2017-09-26T21:54:14.698848;setpoint;jR;75
2017-09-26T21:54:14.699808;power_output;jR;65
2017-09-26T21:54:15.697701;setpoint;jR;75
2017-09-26T21:54:15.698457;power_output;jR;68
2017-09-26T21:54:16.697956;setpoint;jR;75
2017-09-26T21:54:16.698785;power_output;jR;84
2017-09-26T21:54:17.702150;setpoint;jR;75
2017-09-26T21:54:17.703112;power_output;jR;69
2017-09-26T21:54:18.698102;setpoint;jR;75
2017-09-26T21:54:18.699223;power_output;jR;75
2017-09-26T21:54:19.701445;setpoint;jR;75
2017-09-26T21:54:19.710223;power_output;jR;68
2017-09-26T21:54:20.696506;setpoint;jR;75
2017-09-26T21:54:20.697315;power_output;jR;66
2017-09-26T21:54:21.701663;setpoint;jR;75
2017-09-26T21:54:21.702799;power_output;jR;81
2017-09-26T21:54:22.696670;setpoint;jR;75
2017-09-26T21:54:22.697347;power_output;jR;77
2017-09-26T21:54:23.696486;setpoint;jR;75
2017-09-26T21:54:23.697196;power_output;jR;70
2017-09-26T21:54:24.697473;setpoint;jR;75
2017-09-26T21:54:24.698435;power_output;jR;68
2017-09-26T21:54:25.701529;setpoint;jR;75
2017-09-26T21:54:25.702375;power_output;jR;65
2017-09-26T21:54:26.697517;setpoint;jR;75
2017-09-26T21:54:26.698205;power_output;jR;83
2017-09-26T21:54:27.699536;setpoint;jR;75
2017-09-26T21:54:27.700172;power_output;jR;68
2017-09-26T21:54:28.701976;setpoint;jR;75
2017-09-26T21:54:28.702959;power_output;jR;65
2017-09-26T21:54:29.697612;setpoint;jR;75
2017-09-26T21:54:29.698387;power_output;jR;75
2017-09-26T21:54:30.699472;setpoint;jR;75
2017-09-26T21:54:30.700112;power_output;jR;80
2017-09-26T21:54:31.696507;setpoint;jR;75
2017-09-26T21:54:31.697159;power_output;jR;85
2017-09-26T21:54:32.699699;setpoint;jR;75
2017-09-26T21:54:32.700554;power_output;jR;80
2017-09-26T21:54:33.698529;setpoint;jR;75
2017-09-26T21:54:33.699359;power_output;jR;83
2017-09-26T21:54:34.700349;setpoint;jR;75
2017-09-26T21:54:34.701010;power_output;jR;69
2017-09-26T21:54:35.697448;setpoint;jR;75
2017-09-26T21:54:35.698416;power_output;jR;83
2017-09-26T21:54:36.701569;setpoint;jR;75
2017-09-26T21:54:36.702492;power_output;jR;80
2017-09-26T21:54:37.697445;setpoint;jR;75
2017-09-26T21:54:37.698402;power_output;jR;78
2017-09-26T21:54:37.971913;dispatch;jR;100
2017-09-26T21:54:38.701594;setpoint;jR;75
2017-09-26T21:54:38.702492;power_output;jR;80
2017-09-26T21:54:39.696894;setpoint;jR;75
2017-09-26T21:54:39.697607;power_output;jR;76
2017-09-26T21:54:40.700751;setpoint;jR;80
2017-09-26T21:54:40.701405;power_output;jR;73
2017-09-26T21:54:41.697526;setpoint;jR;80
2017-09-26T21:54:41.698407;power_output;jR;81
2017-09-26T21:54:42.697939;setpoint;jR;85
2017-09-26T21:54:42.698584;power_output;jR;91
2017-09-26T21:54:43.696494;setpoint;jR;85
2017-09-26T21:54:43.697208;power_output;jR;94
2017-09-26T21:54:44.700904;setpoint;jR;90
2017-09-26T21:54:44.701915;power_output;jR;85
2017-09-26T21:54:45.697564;setpoint;jR;90
2017-09-26T21:54:45.698522;power_output;jR;93
2017-09-26T21:54:46.697145;setpoint;jR;90
2017-09-26T21:54:46.697829;power_output;jR;96
2017-09-26T21:54:47.696868;setpoint;jR;90
2017-09-26T21:54:47.697574;power_output;jR;97
2017-09-26T21:54:48.700013;setpoint;jR;95
2017-09-26T21:54:48.700942;power_output;jR;88
2017-09-26T21:54:49.697000;setpoint;jR;95
2017-09-26T21:54:49.711044;power_output;jR;93
2017-09-26T21:54:50.696986;setpoint;jR;95
2017-09-26T21:54:50.697763;power_output;jR;97
2017-09-26T21:54:51.697083;setpoint;jR;100
2017-09-26T21:54:51.697725;power_output;jR;92
2017-09-26T21:54:52.698732;setpoint;jR;100
2017-09-26T21:54:52.699399;power_output;jR;93
2017-09-26T21:54:53.696874;setpoint;jR;100
2017-09-26T21:54:53.697549;power_output;jR;94
2017-09-26T21:54:54.699078;setpoint;jR;100
2017-09-26T21:54:54.699716;power_output;jR;94
2017-09-26T21:54:55.699275;setpoint;jR;100
2017-09-26T21:54:55.700095;power_output;jR;105
2017-09-26T21:54:56.698426;setpoint;jR;100
2017-09-26T21:54:56.699392;power_output;jR;93
2017-09-26T21:54:57.696971;setpoint;jR;100
2017-09-26T21:54:57.697895;power_output;jR;103
2017-09-26T21:54:58.698798;setpoint;jR;100
2017-09-26T21:54:58.699671;power_output;jR;110
2017-09-26T21:54:59.700993;setpoint;jR;100
2017-09-26T21:54:59.701804;power_output;jR;98
2017-09-26T21:55:00.696631;setpoint;jR;100
2017-09-26T21:55:00.697528;power_output;jR;103
2017-09-26T21:55:01.697410;setpoint;jR;100
2017-09-26T21:55:01.698176;power_output;jR;109
2017-09-26T21:55:02.696726;setpoint;jR;100
2017-09-26T21:55:02.697384;power_output;jR;100
2017-09-26T21:55:03.701480;setpoint;jR;100
2017-09-26T21:55:03.702284;power_output;jR;101
2017-09-26T21:55:04.699078;setpoint;jR;100
2017-09-26T21:55:04.699926;power_output;jR;104
2017-09-26T21:55:05.697526;setpoint;jR;100
2017-09-26T21:55:05.698490;power_output;jR;90
2017-09-26T21:55:06.697073;setpoint;jR;100
2017-09-26T21:55:06.698080;power_output;jR;95
